{
  "observation_shape": [
    17
  ],
  "action_size": 6,
  "config": {
    "type": "decision_transformer",
    "params": {
      "batch_size": 64,
      "gamma": 0.99,
      "observation_scaler": {
        "type": "standard",
        "params": {
          "mean": [
            -0.12880940881105932,
            0.3738185177740484,
            -0.14996119439188796,
            -0.23479315882065507,
            -0.2841189839413187,
            -0.13096616337381967,
            -0.2015813278396531,
            -0.06517735840542482,
            3.4768094926659425,
            -0.02785051736412662,
            -0.015035269575543924,
            0.0769729434417026,
            0.01266712489340565,
            0.027325568686396177,
            0.023164199233055113,
            0.010438850635939306,
            -0.015839321913105428
          ],
          "std": [
            0.17020192532029105,
            1.2844588379081343,
            0.3344397395332248,
            0.36728486545019584,
            0.26092741300421146,
            0.47841526264466677,
            0.318156948895472,
            0.3355325271958943,
            2.0931941139404318,
            0.8037603451567571,
            1.90449225618998,
            6.573415852942289,
            7.572965176865589,
            5.07029775425296,
            9.105658750503897,
            6.085806468868406,
            7.2531229814881355
          ],
          "eps": 0.001
        }
      },
      "action_scaler": {
        "type": "none",
        "params": {}
      },
      "reward_scaler": {
        "type": "multiply",
        "params": {
          "multiplier": 0.001
        }
      },
      "context_size": 20,
      "max_timestep": 1000,
      "learning_rate": 0.0001,
      "encoder_factory": {
        "type": "vector",
        "params": {
          "hidden_units": [
            128
          ],
          "activation": "relu",
          "use_batch_norm": false,
          "dropout_rate": null,
          "exclude_last_activation": true
        }
      },
      "optim_factory": {
        "type": "adam_w",
        "params": {
          "betas": [
            0.9,
            0.999
          ],
          "eps": 1e-08,
          "weight_decay": 0.0001,
          "amsgrad": false
        }
      },
      "num_heads": 1,
      "num_layers": 3,
      "attn_dropout": 0.1,
      "resid_dropout": 0.1,
      "embed_dropout": 0.1,
      "activation_type": "relu",
      "position_encoding_type": "simple",
      "warmup_steps": 10000,
      "clip_grad_norm": 0.25,
      "compile": false
    }
  }
}