{
  "action_scaler": null,
  "actor_encoder_factory": {
    "type": "default",
    "params": {
      "activation": "relu",
      "use_batch_norm": false,
      "dropout_rate": null
    }
  },
  "actor_learning_rate": 0.0003,
  "actor_optim_factory": {
    "optim_cls": "Adam",
    "betas": [
      0.9,
      0.999
    ],
    "eps": 1e-08,
    "weight_decay": 0,
    "amsgrad": false
  },
  "alpha": 2.5,
  "batch_size": 256,
  "critic_encoder_factory": {
    "type": "default",
    "params": {
      "activation": "relu",
      "use_batch_norm": false,
      "dropout_rate": null
    }
  },
  "critic_learning_rate": 0.0003,
  "critic_optim_factory": {
    "optim_cls": "Adam",
    "betas": [
      0.9,
      0.999
    ],
    "eps": 1e-08,
    "weight_decay": 0,
    "amsgrad": false
  },
  "gamma": 0.99,
  "generated_maxlen": 100000,
  "n_critics": 2,
  "n_frames": 1,
  "n_steps": 1,
  "q_func_factory": {
    "type": "mean",
    "params": {
      "share_encoder": false
    }
  },
  "real_ratio": 1.0,
  "reward_scaler": null,
  "scaler": {
    "type": "standard",
    "params": {
      "mean": [
        [
          1.299942790328065,
          0.015094300212424977,
          -0.26960096038090675,
          -0.3318695675745484,
          0.04393914159714092,
          2.1277186413499263,
          -0.20837581662910645,
          0.004899872983829846,
          -0.4474444358726106,
          -0.15586316931612043,
          -0.3525622198944254
        ]
      ],
      "std": [
        [
          0.1677088455784587,
          0.08141860618336207,
          0.2858307439733647,
          0.29617005355149356,
          0.6322870340928819,
          0.876207435339032,
          1.4231605120170625,
          0.9792877032030417,
          1.8496690023508022,
          3.1855326063339935,
          5.60047356644152
        ]
      ],
      "eps": 0.001
    }
  },
  "target_smoothing_clip": 0.5,
  "target_smoothing_sigma": 0.2,
  "tau": 0.005,
  "update_actor_interval": 2,
  "use_gpu": 0,
  "algorithm": "TD3PlusBC",
  "observation_shape": [
    11
  ],
  "action_size": 3
}