{
  "action_scaler": null,
  "actor_encoder_factory": {
    "type": "default",
    "params": {
      "activation": "relu",
      "use_batch_norm": false,
      "dropout_rate": null
    }
  },
  "actor_learning_rate": 0.0003,
  "actor_optim_factory": {
    "optim_cls": "Adam",
    "betas": [
      0.9,
      0.999
    ],
    "eps": 1e-08,
    "weight_decay": 0,
    "amsgrad": false
  },
  "alpha": 2.5,
  "batch_size": 256,
  "critic_encoder_factory": {
    "type": "default",
    "params": {
      "activation": "relu",
      "use_batch_norm": false,
      "dropout_rate": null
    }
  },
  "critic_learning_rate": 0.0003,
  "critic_optim_factory": {
    "optim_cls": "Adam",
    "betas": [
      0.9,
      0.999
    ],
    "eps": 3.90625e-05,
    "weight_decay": 0,
    "amsgrad": false
  },
  "gamma": 0.99,
  "generated_maxlen": 100000,
  "n_critics": 2,
  "n_frames": 1,
  "n_steps": 1,
  "q_func_factory": {
    "type": "iqn",
    "params": {
      "bootstrap": false,
      "share_encoder": false,
      "n_quantiles": 64,
      "n_greedy_quantiles": 32,
      "embed_size": 64
    }
  },
  "real_ratio": 1.0,
  "reward_scaler": null,
  "scaler": {
    "type": "standard",
    "params": {
      "mean": [
        [
          -0.08418565373426061,
          0.15108095906596683,
          0.1357095086238229,
          0.008531250638522787,
          0.0807774247729959,
          -0.10416586940683668,
          -0.05286082747180882,
          -0.1588018940070675,
          8.503189872101615,
          -0.07314515618113188,
          -0.058608184165249176,
          0.29988714328791966,
          -0.2974576061381405,
          -0.09644118196979411,
          -0.09002612089544093,
          0.043905482381806464,
          -0.10132918752280869
        ]
      ],
      "std": [
        [
          0.09653690794089176,
          0.9893662129315447,
          0.5404754038067245,
          0.49515664116357505,
          0.42636119460896166,
          0.4485403454585804,
          0.4588205066916604,
          0.34778525508886965,
          4.711984146961545,
          0.8930191893877174,
          2.0243956012568187,
          13.168095837311899,
          11.755046741359807,
          10.680036765084616,
          10.93668761559611,
          10.529657127557426,
          7.466318194531746
        ]
      ],
      "eps": 0.001
    }
  },
  "target_reduction_type": "min",
  "target_smoothing_clip": 0.5,
  "target_smoothing_sigma": 0.2,
  "tau": 0.005,
  "update_actor_interval": 2,
  "use_gpu": 0,
  "algorithm": "TD3PlusBC",
  "observation_shape": [
    17
  ],
  "action_size": 6
}