algo,dataset,pretraining score,pretraining std,finetuning score,finetuning std
IQL,antmaze-umaze-v0,0.9200000000000002,0.039999999999999994,0.9800000000000001,0.039999999999999994
IQL,antmaze-medium-play-v0,0.71,0.14456832294800961,0.9100000000000001,0.09433981132056604
