{
  "action_scaler": null,
  "actor_encoder_factory": {
    "type": "default",
    "params": {
      "activation": "relu",
      "use_batch_norm": false,
      "dropout_rate": null
    }
  },
  "actor_learning_rate": 0.0003,
  "actor_optim_factory": {
    "optim_cls": "Adam",
    "betas": [
      0.9,
      0.999
    ],
    "eps": 1e-08,
    "weight_decay": 0,
    "amsgrad": false
  },
  "alpha": 2.5,
  "batch_size": 256,
  "critic_encoder_factory": {
    "type": "default",
    "params": {
      "activation": "relu",
      "use_batch_norm": false,
      "dropout_rate": null
    }
  },
  "critic_learning_rate": 0.0003,
  "critic_optim_factory": {
    "optim_cls": "Adam",
    "betas": [
      0.9,
      0.999
    ],
    "eps": 1e-08,
    "weight_decay": 0,
    "amsgrad": false
  },
  "gamma": 0.99,
  "generated_maxlen": 100000,
  "n_critics": 2,
  "n_frames": 1,
  "n_steps": 5,
  "q_func_factory": {
    "type": "mean",
    "params": {
      "bootstrap": false,
      "share_encoder": false
    }
  },
  "real_ratio": 1.0,
  "reward_scaler": null,
  "scaler": {
    "type": "standard",
    "params": {
      "mean": [
        [
          1.112115976004708,
          0.1216962429960721,
          -0.37156652639061655,
          -0.7769670444314651,
          0.3093978767277854,
          -0.3310080161051223,
          -0.6193802611036212,
          0.2362565747171097,
          2.6830682102635626,
          -0.160611515070156,
          -0.14506595779416848,
          -0.49794376131550444,
          -0.6974345116673041,
          -0.238205636900093,
          -0.48183058836782466,
          -0.49521260088987556,
          -0.3537097600796205
        ]
      ],
      "std": [
        [
          0.12723034455633073,
          0.4263111779986597,
          0.5677318307333994,
          0.8903335468300136,
          0.7093422712460086,
          0.5615095628399308,
          0.6996983145865052,
          0.7186376696868901,
          1.8424190945570897,
          1.1175727155490252,
          4.801670325962714,
          5.180550811040659,
          6.184964410580147,
          6.40049711604522,
          5.285567289855613,
          6.0528355161266365,
          6.032581119262921
        ]
      ],
      "eps": 0.001
    }
  },
  "target_reduction_type": "min",
  "target_smoothing_clip": 0.5,
  "target_smoothing_sigma": 0.2,
  "tau": 0.005,
  "update_actor_interval": 2,
  "use_gpu": 0,
  "algorithm": "TD3PlusBC",
  "observation_shape": [
    17
  ],
  "action_size": 6
}