{
  "observation_shape": [
    17
  ],
  "action_size": 6,
  "config": {
    "type": "decision_transformer",
    "params": {
      "batch_size": 64,
      "gamma": 0.99,
      "observation_scaler": {
        "type": "standard",
        "params": {
          "mean": [
            -0.056675079761505126,
            0.024370368682526053,
            -0.061605088080644604,
            -0.22353239209014178,
            -0.26795447988796234,
            -0.0754564532237053,
            -0.05809885576343536,
            -0.027675896869421006,
            8.110266330432891,
            -0.061361991470694544,
            -0.1798706202956438,
            0.2517527400060892,
            0.2418670747269094,
            0.25193692827019093,
            0.587945567619294,
            -0.2409050849725604,
            -0.030184122210018337
          ],
          "std": [
            0.06110912265625562,
            0.3612095009867374,
            0.4555184928884753,
            0.38512645037055554,
            0.22185679212510293,
            0.5670276214084957,
            0.31990633346684366,
            0.2855689352764437,
            3.4442196051959972,
            0.6732849439212719,
            1.8631863204605483,
            9.578187915808885,
            10.036423384556446,
            5.908043815098224,
            12.138424325580276,
            6.485083703762206,
            6.384982643792652
          ],
          "eps": 0.001
        }
      },
      "action_scaler": {
        "type": "none",
        "params": {}
      },
      "reward_scaler": {
        "type": "multiply",
        "params": {
          "multiplier": 0.001
        }
      },
      "context_size": 20,
      "learning_rate": 0.0001,
      "encoder_factory": {
        "type": "vector",
        "params": {
          "hidden_units": [
            128
          ],
          "activation": "none",
          "use_batch_norm": false,
          "dropout_rate": null,
          "use_dense": false
        }
      },
      "optim_factory": {
        "type": "adam_w",
        "params": {
          "betas": [
            0.9,
            0.999
          ],
          "eps": 1e-08,
          "weight_decay": 0.0001,
          "amsgrad": false
        }
      },
      "num_heads": 1,
      "max_timestep": 1000,
      "num_layers": 3,
      "attn_dropout": 0.1,
      "resid_dropout": 0.1,
      "embed_dropout": 0.1,
      "activation_type": "relu",
      "position_encoding_type": "simple",
      "warmup_steps": 10000,
      "clip_grad_norm": 0.25
    }
  }
}