{
  "action_scaler": null,
  "actor_encoder_factory": {
    "type": "default",
    "params": {
      "activation": "relu",
      "use_batch_norm": false,
      "dropout_rate": null
    }
  },
  "actor_learning_rate": 0.0003,
  "actor_optim_factory": {
    "optim_cls": "Adam",
    "betas": [
      0.9,
      0.999
    ],
    "eps": 1e-08,
    "weight_decay": 0,
    "amsgrad": false
  },
  "alpha": 2.5,
  "batch_size": 256,
  "critic_encoder_factory": {
    "type": "default",
    "params": {
      "activation": "relu",
      "use_batch_norm": false,
      "dropout_rate": null
    }
  },
  "critic_learning_rate": 0.0003,
  "critic_optim_factory": {
    "optim_cls": "Adam",
    "betas": [
      0.9,
      0.999
    ],
    "eps": 1e-08,
    "weight_decay": 0,
    "amsgrad": false
  },
  "gamma": 0.99,
  "generated_maxlen": 100000,
  "n_critics": 2,
  "n_frames": 1,
  "n_steps": 1,
  "q_func_factory": {
    "type": "mean",
    "params": {
      "bootstrap": false,
      "share_encoder": false
    }
  },
  "real_ratio": 1.0,
  "reward_scaler": null,
  "scaler": {
    "type": "standard",
    "params": {
      "mean": [
        [
          1.165185509630858,
          0.18174804930507715,
          -0.26266056596239595,
          -0.5656162874143801,
          0.33322921561872726,
          -0.1619072507730494,
          -0.33790106858289615,
          0.32140545687734867,
          1.6445457054202162,
          -0.2517417009456588,
          -0.1957032999694202,
          -0.7177352003025834,
          -1.0926239837867273,
          -0.39789191063974055,
          -0.5245138441971003,
          -0.3251741658734735,
          -0.49654069234635856
        ]
      ],
      "std": [
        [
          0.11253812219028589,
          0.46002452202704586,
          0.5007186169706546,
          0.7996031857272786,
          0.6601049487681543,
          0.31081775657695765,
          0.42192261670124953,
          0.6863867023808383,
          1.5543124531093682,
          1.1058955696940729,
          4.330499970952183,
          4.623040160731678,
          5.2723233484253305,
          6.44862943532318,
          4.5593295881352445,
          4.875161893483333,
          5.9134903404284715
        ]
      ],
      "eps": 0.001
    }
  },
  "target_reduction_type": "min",
  "target_smoothing_clip": 0.5,
  "target_smoothing_sigma": 0.2,
  "tau": 0.005,
  "update_actor_interval": 2,
  "use_gpu": 1,
  "algorithm": "TD3PlusBC",
  "observation_shape": [
    17
  ],
  "action_size": 6
}