{
  "action_scaler": null,
  "actor_encoder_factory": {
    "type": "default",
    "params": {
      "activation": "relu",
      "use_batch_norm": false,
      "dropout_rate": null
    }
  },
  "actor_learning_rate": 0.0003,
  "actor_optim_factory": {
    "optim_cls": "Adam",
    "betas": [
      0.9,
      0.999
    ],
    "eps": 1e-08,
    "weight_decay": 0,
    "amsgrad": false
  },
  "alpha": 2.5,
  "batch_size": 256,
  "critic_encoder_factory": {
    "type": "default",
    "params": {
      "activation": "relu",
      "use_batch_norm": false,
      "dropout_rate": null
    }
  },
  "critic_learning_rate": 0.0003,
  "critic_optim_factory": {
    "optim_cls": "Adam",
    "betas": [
      0.9,
      0.999
    ],
    "eps": 1e-08,
    "weight_decay": 0,
    "amsgrad": false
  },
  "gamma": 0.99,
  "generated_maxlen": 100000,
  "n_critics": 2,
  "n_frames": 1,
  "n_steps": 3,
  "q_func_factory": {
    "type": "mean",
    "params": {
      "bootstrap": false,
      "share_encoder": false
    }
  },
  "real_ratio": 1.0,
  "reward_scaler": null,
  "scaler": {
    "type": "standard",
    "params": {
      "mean": [
        [
          -0.20342842639366687,
          1.0086306628414687,
          0.0007221735347508717,
          0.016260688229938074,
          0.008537449917123695,
          0.0416130433777879,
          0.0015130047241751592,
          -0.004718347007317955,
          -0.0715992352884463,
          -0.011364884373970029,
          0.021902473326624986,
          0.026017848717514742,
          -0.07435426548800306,
          0.038189656839497196,
          0.0042984274402049555,
          0.04684164346458734,
          0.00903622936205696
        ]
      ],
      "std": [
        [
          0.22616951657047304,
          1.507496326263331,
          0.27777640944094234,
          0.2967892547467816,
          0.2856666308377234,
          0.35633018828156326,
          0.3292766751338955,
          0.2952034407946934,
          0.7607631294728318,
          0.7698475266297335,
          1.6082489995768996,
          6.148318131894479,
          7.413338821783261,
          7.66336879531941,
          7.002142466836105,
          7.438158321519745,
          6.492381849354967
        ]
      ],
      "eps": 0.001
    }
  },
  "target_reduction_type": "min",
  "target_smoothing_clip": 0.5,
  "target_smoothing_sigma": 0.2,
  "tau": 0.005,
  "update_actor_interval": 2,
  "use_gpu": 0,
  "algorithm": "TD3PlusBC",
  "observation_shape": [
    17
  ],
  "action_size": 6
}