{
  "observation_shape": [
    11
  ],
  "action_size": 3,
  "config": {
    "type": "decision_transformer",
    "params": {
      "batch_size": 64,
      "gamma": 0.99,
      "observation_scaler": {
        "type": "standard",
        "params": {
          "mean": [
            1.3106527025289645,
            -0.0846927717817442,
            -0.5382069054292129,
            -0.07203463628133076,
            0.04932667946240037,
            2.106777032616017,
            -0.15017017606277305,
            0.008783138702412,
            -0.2848213088323027,
            -0.18540193534074467,
            -0.28461201606722814
          ],
          "std": [
            0.1779238644705567,
            0.05445540724664161,
            0.21303545111053884,
            0.14523058124520527,
            0.612452233066769,
            0.8519473410741754,
            1.451789596764937,
            0.6753408894067967,
            1.5365847691743364,
            1.6180626483607767,
            5.6093664255182745
          ],
          "eps": 0.001
        }
      },
      "action_scaler": {
        "type": "none",
        "params": {}
      },
      "reward_scaler": {
        "type": "multiply",
        "params": {
          "multiplier": 0.001
        }
      },
      "context_size": 20,
      "learning_rate": 0.0001,
      "encoder_factory": {
        "type": "vector",
        "params": {
          "hidden_units": [
            128
          ],
          "activation": "none",
          "use_batch_norm": false,
          "dropout_rate": null,
          "use_dense": false
        }
      },
      "optim_factory": {
        "type": "adam_w",
        "params": {
          "betas": [
            0.9,
            0.999
          ],
          "eps": 1e-08,
          "weight_decay": 0.0001,
          "amsgrad": false
        }
      },
      "num_heads": 1,
      "max_timestep": 1000,
      "num_layers": 3,
      "attn_dropout": 0.1,
      "resid_dropout": 0.1,
      "embed_dropout": 0.1,
      "activation_type": "relu",
      "position_encoding_type": "simple",
      "warmup_steps": 10000,
      "clip_grad_norm": 0.25
    }
  }
}