{
  "action_scaler": null,
  "actor_encoder_factory": {
    "type": "default",
    "params": {
      "activation": "relu",
      "use_batch_norm": false,
      "dropout_rate": null
    }
  },
  "actor_learning_rate": 0.0003,
  "actor_optim_factory": {
    "optim_cls": "Adam",
    "betas": [
      0.9,
      0.999
    ],
    "eps": 1e-08,
    "weight_decay": 0,
    "amsgrad": false
  },
  "alpha": 2.5,
  "batch_size": 256,
  "critic_encoder_factory": {
    "type": "default",
    "params": {
      "activation": "relu",
      "use_batch_norm": false,
      "dropout_rate": null
    }
  },
  "critic_learning_rate": 0.0003,
  "critic_optim_factory": {
    "optim_cls": "Adam",
    "betas": [
      0.9,
      0.999
    ],
    "eps": 1e-08,
    "weight_decay": 0,
    "amsgrad": false
  },
  "gamma": 0.99,
  "generated_maxlen": 100000,
  "n_critics": 2,
  "n_frames": 1,
  "n_steps": 1,
  "q_func_factory": {
    "type": "mean",
    "params": {
      "share_encoder": false
    }
  },
  "real_ratio": 1.0,
  "reward_scaler": null,
  "scaler": {
    "type": "standard",
    "params": {
      "mean": [
        [
          1.1503283905826571,
          0.008906387374857187,
          -0.45963439069706835,
          -0.18055223386365582,
          0.2150428583437491,
          1.9202313017657389,
          -0.3828566085788201,
          0.06431288651370234,
          -0.8867157255689004,
          -0.02550084239853745,
          -0.07986800387746498
        ]
      ],
      "std": [
        [
          0.1619616608101092,
          0.06477256458251318,
          0.35491781610557327,
          0.19723589250146625,
          0.6045652669424022,
          1.0564807203210682,
          1.1189309387304167,
          0.9345490398991265,
          1.524561666598718,
          1.9588416865501073,
          4.826547857165329
        ]
      ],
      "eps": 0.001
    }
  },
  "target_smoothing_clip": 0.5,
  "target_smoothing_sigma": 0.2,
  "tau": 0.005,
  "update_actor_interval": 2,
  "use_gpu": 0,
  "algorithm": "TD3PlusBC",
  "observation_shape": [
    11
  ],
  "action_size": 3
}