{
  "action_scaler": null,
  "actor_encoder_factory": {
    "type": "default",
    "params": {
      "activation": "relu",
      "use_batch_norm": false,
      "dropout_rate": null
    }
  },
  "actor_learning_rate": 0.0003,
  "actor_optim_factory": {
    "optim_cls": "Adam",
    "betas": [
      0.9,
      0.999
    ],
    "eps": 1e-08,
    "weight_decay": 0,
    "amsgrad": false
  },
  "alpha": 2.5,
  "batch_size": 256,
  "critic_encoder_factory": {
    "type": "default",
    "params": {
      "activation": "relu",
      "use_batch_norm": false,
      "dropout_rate": null
    }
  },
  "critic_learning_rate": 0.0003,
  "critic_optim_factory": {
    "optim_cls": "Adam",
    "betas": [
      0.9,
      0.999
    ],
    "eps": 1e-08,
    "weight_decay": 0,
    "amsgrad": false
  },
  "gamma": 0.99,
  "generated_maxlen": 100000,
  "n_critics": 2,
  "n_frames": 1,
  "n_steps": 1,
  "q_func_factory": {
    "type": "mean",
    "params": {
      "share_encoder": false
    }
  },
  "real_ratio": 1.0,
  "reward_scaler": null,
  "scaler": {
    "type": "standard",
    "params": {
      "mean": [
        [
          1.0560105430048445,
          0.0434342694256614,
          -0.6025430998298056,
          -0.05645707094079606,
          0.39848467650639313,
          1.6184028900339489,
          -0.6041990942355586,
          0.0727923328785717,
          -1.4326946583824693,
          -0.11358682570111618,
          -0.8024122439757811
        ]
      ],
      "std": [
        [
          0.2328774576646592,
          0.03898635768819436,
          0.4602306616044191,
          0.08540999081772044,
          0.5308747139455786,
          1.027452029270954,
          0.9328749672189773,
          0.9122870849495959,
          1.688635871650258,
          1.875075303725053,
          4.904590546692066
        ]
      ],
      "eps": 0.001
    }
  },
  "target_smoothing_clip": 0.5,
  "target_smoothing_sigma": 0.2,
  "tau": 0.005,
  "update_actor_interval": 2,
  "use_gpu": 0,
  "algorithm": "TD3PlusBC",
  "observation_shape": [
    11
  ],
  "action_size": 3
}